{"cameraMode":{"drawMode":0,"name":"Shaded","section":"Shading Mode"},"sceneLighting":false,"audioPlay":false,"sceneViewState":{"showFog":true,"showMaterialUpdate":false,"showSkybox":false,"showFlares":true,"showImageEffects":true,"showParticleSystems":true},"in2DMode":false,"pivot":{"x":106.78767395019531,"y":36.32206726074219,"z":22.976505279541017},"rotation":{"x":0.08557695150375366,"y":-0.8715307712554932,"z":0.16428562998771668,"w":0.4540524482727051},"size":3.3288776874542238,"orthographic":false}