{"cameraMode":{"drawMode":0,"name":"Shaded","section":"Shading Mode"},"sceneLighting":false,"audioPlay":false,"sceneViewState":{"showFog":true,"showMaterialUpdate":false,"showSkybox":false,"showFlares":true,"showImageEffects":true,"showParticleSystems":true},"in2DMode":false,"pivot":{"x":0.0,"y":0.9909999370574951,"z":0.04900002479553223},"rotation":{"x":-0.17886191606521607,"y":0.39639610052108767,"z":-0.07902827858924866,"w":-0.8970213532447815},"size":3.299999713897705,"orthographic":false}