{"cameraMode":{"drawMode":0,"name":"Shaded","section":"Shading Mode"},"sceneLighting":false,"audioPlay":false,"sceneViewState":{"showFog":true,"showMaterialUpdate":false,"showSkybox":false,"showFlares":true,"showImageEffects":true,"showParticleSystems":true},"in2DMode":false,"pivot":{"x":66.9800033569336,"y":32.599998474121097,"z":62.720001220703128},"rotation":{"x":0.1907327026128769,"y":0.1364428848028183,"z":-0.026770807802677156,"w":0.9717614054679871},"size":63.3397102355957,"orthographic":false}